scenario	page	radius_2	radius_99
v2-frontend-cart-misconfig	checkout,frontend,frontend-proxy	9	9
v2-cart-bad-image-tag	checkout,frontend,frontend-proxy	9	9
v2-cart-store-corruption	checkout	8	8
v2-payment-dependency-latency	checkout	8	8
v2-kafka-disk-fill	checkout	8	8
v2-fraud-detection-flag-queue-lag	fraud-detection	1	1
v2-ad-partition	frontend-proxy,load-generator	1	1
v2-product-catalog-freeze	load-generator,frontend-proxy	1	1
v2-payment-memory-squeeze	payment	2	3
v2-ad-memory-squeeze	frontend-proxy,frontend	6	6
v2-valkey-cart-dependency-latency	cart	4	4
v2-currency-freeze	fraud-detection	1	1
