1	service_port_conflict_social_network	faultline	complete	False	11.0	2026-10-03 07:54:11 UTC	2026-10-03 08:02:09 UTC
2	service_port_conflict_social_network	claudecode	complete	True	100.0	2026-10-03 08:02:09 UTC	2026-10-03 08:09:30 UTC
3	missing_env_variable_astronomy_shop	claudecode	complete	True	100.0	2026-10-03 08:09:30 UTC	2026-10-03 08:17:17 UTC
4	missing_env_variable_astronomy_shop	faultline	complete	False	33.0	2026-10-03 08:17:17 UTC	2026-10-03 08:23:37 UTC
5	persistent_volume_affinity_violation	faultline	complete	False	33.0	2026-10-03 08:23:37 UTC	2026-10-03 08:29:13 UTC
6	persistent_volume_affinity_violation	claudecode	complete	True	100.0	2026-10-03 08:29:14 UTC	2026-10-03 08:37:11 UTC
7	wrong_dns_policy_astronomy_shop	claudecode	complete	False	0.0	2026-10-03 08:37:11 UTC	2026-10-03 08:46:30 UTC
8	wrong_dns_policy_astronomy_shop	faultline	complete	True	100.0	2026-10-03 08:46:30 UTC	2026-10-03 08:57:00 UTC
9	astronomy_shop_ad_service_failure	faultline	complete	False	33.0	2026-10-03 08:57:00 UTC	2026-10-03 09:04:36 UTC
10	astronomy_shop_ad_service_failure	claudecode	complete	True	100.0	2026-10-03 09:04:36 UTC	2026-10-03 09:18:02 UTC
11	duplicate_pvc_mounts_hotel_reservation	claudecode	complete	True	100.0	2026-10-03 09:18:02 UTC	2026-10-03 09:33:38 UTC
12	duplicate_pvc_mounts_hotel_reservation	faultline	complete	False	33.0	2026-10-03 09:33:38 UTC	2026-10-03 09:39:12 UTC
13	kafka_queue_problems	faultline	complete	False	0.0	2026-10-03 09:39:12 UTC	2026-10-03 09:51:06 UTC
14	kafka_queue_problems	claudecode	complete	True	89.0	2026-10-03 09:51:06 UTC	2026-10-03 09:58:14 UTC
15	pvc_claim_mismatch	claudecode	complete	True	89.0	2026-10-03 09:58:14 UTC	2026-10-03 10:04:48 UTC
16	pvc_claim_mismatch	faultline	complete	False	22.0	2026-10-03 10:04:48 UTC	2026-10-03 10:16:42 UTC
17	dev_shm_exhaustion_hotel_reservation	faultline	complete	False	33.0	2026-10-03 10:16:43 UTC	2026-10-03 10:22:16 UTC
18	dev_shm_exhaustion_hotel_reservation	claudecode	complete	True	100.0	2026-10-03 10:22:16 UTC	2026-10-03 10:28:31 UTC
19	network_policy_block	claudecode	complete	True	100.0	2026-10-03 10:28:31 UTC	2026-10-03 10:50:51 UTC
20	network_policy_block	faultline	complete	True	89.0	2026-10-03 10:50:51 UTC	2026-10-03 11:04:48 UTC
21	storage_user_unregistered-2	faultline	complete	False	11.0	2026-10-03 11:04:48 UTC	2026-10-03 11:10:25 UTC
22	storage_user_unregistered-2	claudecode	complete	True	100.0	2026-10-03 11:10:25 UTC	2026-10-03 11:18:26 UTC
23	resource_request_too_large	claudecode	complete	True	100.0	2026-10-03 14:51:02 UTC	2026-10-03 14:58:39 UTC
24	resource_request_too_large	faultline	complete	False	56.0	2026-10-03 14:58:39 UTC	2026-10-03 15:07:44 UTC
25	astronomy_shop_payment_service_failure	faultline	complete	False	66.0	2026-10-03 15:07:44 UTC	2026-10-03 15:18:42 UTC
26	astronomy_shop_payment_service_failure	claudecode	complete	True	100.0	2026-10-03 15:18:42 UTC	2026-10-03 15:25:46 UTC
27	taint_no_toleration_social_network	claudecode	complete	True	100.0	2026-10-03 15:25:46 UTC	2026-10-03 15:33:52 UTC
28	taint_no_toleration_social_network	faultline	complete	False	33.0	2026-10-03 15:33:52 UTC	2026-10-03 15:40:22 UTC
29	astronomy_shop_ad_service_high_cpu	faultline	complete	False	33.0	2026-10-03 15:40:23 UTC	2026-10-03 15:47:40 UTC
30	astronomy_shop_ad_service_high_cpu	claudecode	complete	True	100.0	2026-10-03 15:47:40 UTC	2026-10-03 15:54:22 UTC
31	missing_service_social_network	claudecode	complete	True	100.0	2026-10-03 15:54:23 UTC	2026-10-03 16:01:23 UTC
32	missing_service_social_network	faultline	complete	False	0.0	2026-10-03 16:01:24 UTC	2026-10-03 16:12:29 UTC
33	liveness_probe_too_aggressive_social_network	faultline	complete	False	33.0	2026-10-03 16:12:30 UTC	2026-10-03 16:18:08 UTC
34	liveness_probe_too_aggressive_social_network	claudecode	complete	True	100.0	2026-10-03 16:18:08 UTC	2026-10-03 16:25:07 UTC
35	wrong_dns_policy_social_network	claudecode	complete	True	89.0	2026-10-03 16:25:07 UTC	2026-10-03 16:39:24 UTC
36	wrong_dns_policy_social_network	faultline	complete	False	0.0	2026-10-03 16:39:25 UTC	2026-10-03 16:54:08 UTC
37	pod_anti_affinity_deadlock	faultline	complete	False	11.0	2026-10-03 16:54:08 UTC	2026-10-03 17:00:01 UTC
38	pod_anti_affinity_deadlock	claudecode	complete	True	100.0	2026-10-03 17:00:02 UTC	2026-10-03 17:06:15 UTC
39	stale_coredns_config_social_network	claudecode	complete	True	100.0	2026-10-03 17:06:15 UTC	2026-10-03 17:13:57 UTC
40	stale_coredns_config_social_network	faultline	complete	False	0.0	2026-10-03 17:13:58 UTC	2026-10-03 17:29:47 UTC
41	finalizer_deadlock_controller_hotel_reservation	faultline	complete	False	0.0	2026-10-03 17:29:47 UTC	2026-10-03 17:44:08 UTC
42	finalizer_deadlock_controller_hotel_reservation	claudecode	complete	True	100.0	2026-10-03 17:44:09 UTC	2026-10-03 17:57:50 UTC
43	kafka_poison_pill_hol_block	claudecode	complete	False	0.0	2026-10-03 17:57:50 UTC	2026-10-03 18:07:25 UTC
44	kafka_poison_pill_hol_block	faultline	complete	False	11.0	2026-10-03 18:07:25 UTC	2026-10-03 18:15:09 UTC
45	wrong_dns_policy_hotel_reservation	faultline	complete	False	11.0	2026-10-03 19:32:57 UTC	2026-10-03 19:39:38 UTC
46	wrong_dns_policy_hotel_reservation	claudecode	complete	True	100.0	2026-10-03 19:39:38 UTC	2026-10-03 19:45:26 UTC
47	assign_to_non_existent_node	claudecode	complete	True	100.0	2026-10-03 19:45:27 UTC	2026-10-03 19:51:38 UTC
48	assign_to_non_existent_node	faultline	complete	False	33.0	2026-10-03 19:51:38 UTC	2026-10-03 19:57:19 UTC
49	duplicate_pvc_mounts_social_network	faultline	complete	False	33.0	2026-10-03 19:57:19 UTC	2026-10-03 20:02:45 UTC
50	duplicate_pvc_mounts_social_network	claudecode	complete	True	100.0	2026-10-03 20:02:46 UTC	2026-10-03 20:09:49 UTC
51	liveness_probe_misconfiguration_astronomy_shop	claudecode	complete	True	100.0	2026-10-03 20:09:49 UTC	2026-10-03 20:28:43 UTC
52	liveness_probe_misconfiguration_astronomy_shop	faultline	complete	False	11.0	2026-10-03 20:28:43 UTC	2026-10-03 20:34:54 UTC
53	liveness_probe_too_aggressive_hotel_reservation	faultline	complete	False	33.0	2026-10-03 20:34:54 UTC	2026-10-03 20:40:24 UTC
54	liveness_probe_too_aggressive_hotel_reservation	claudecode	complete	True	100.0	2026-10-03 20:40:24 UTC	2026-10-03 20:48:42 UTC
55	service_port_conflict_astronomy_shop	claudecode	complete	True	100.0	2026-10-03 20:48:42 UTC	2026-10-03 20:55:50 UTC
56	service_port_conflict_astronomy_shop	faultline	complete	False	56.0	2026-10-03 20:55:50 UTC	2026-10-03 21:06:09 UTC
57	cfs_cpu_throttling_hotel_reservation	faultline	complete	False	0.0	2026-10-03 21:06:09 UTC	2026-10-03 21:23:32 UTC
58	cfs_cpu_throttling_hotel_reservation	claudecode	complete	False	67.0	2026-10-03 21:23:32 UTC	2026-10-03 22:18:51 UTC
59	stale_coredns_config_astronomy_shop	claudecode	complete	True	89.0	2026-10-03 22:18:51 UTC	2026-10-03 22:31:13 UTC
60	stale_coredns_config_astronomy_shop	faultline	complete	False	0.0	2026-10-03 22:31:14 UTC	2026-10-03 22:47:22 UTC
61	liveness_probe_misconfiguration_social_network	faultline	complete	False	11.0	2026-10-03 22:47:23 UTC	2026-10-03 22:55:52 UTC
62	liveness_probe_misconfiguration_social_network	claudecode	complete	True	100.0	2026-10-03 22:55:52 UTC	2026-10-03 23:03:19 UTC
63	duplicate_pvc_mounts_astronomy_shop	claudecode	complete	True	100.0	2026-10-03 23:03:19 UTC	2026-10-03 23:10:41 UTC
64	duplicate_pvc_mounts_astronomy_shop	faultline	complete	False	33.0	2026-10-03 23:10:41 UTC	2026-10-03 23:16:38 UTC
65	admission_webhook_tls_mismatch_hotel_reservation	faultline	complete	False	11.0	2026-10-03 23:16:39 UTC	2026-10-03 23:22:56 UTC
66	admission_webhook_tls_mismatch_hotel_reservation	claudecode	complete	True	100.0	2026-10-03 23:22:56 UTC	2026-10-03 23:36:09 UTC
