faulty_image_correlated	Application Fault Injector / Correlated Problems
update_incompatible_correlated	Application Fault Injector / Correlated Problems
incorrect_image	Application Fault Injector / Regular Application Problems
incorrect_port_assignment	Application Fault Injector / Regular Application Problems
kafka_producer_leak	Application Fault Injector / Regular Application Problems
unschedulable_incorrect_port_assignment	Application Fault Injector / Regular Application Problems
misconfig_app_hotel_res	Application Fault Injector / Regular Application Problems
missing_env_variable_astronomy_shop	Application Fault Injector / Regular Application Problems
revoke_auth_mongodb-1	Application Fault Injector / Regular Application Problems
revoke_auth_mongodb-2	Application Fault Injector / Regular Application Problems
storage_user_unregistered-1	Application Fault Injector / Regular Application Problems
storage_user_unregistered-2	Application Fault Injector / Regular Application Problems
valkey_auth_disruption	Application Fault Injector / Regular Application Problems
valkey_memory_disruption	Application Fault Injector / Regular Application Problems
edge_request_filter_cpu_saturation	Application Fault Injector / Regular Application Problems
ephemeral_port_range_hotel_reservation	Application Fault Injector / Regular Application Problems
secret_rotation_stale_env_credentials_astronomy_shop	Application Fault Injector / Regular Application Problems
capacity_decrease_rpc_retry_storm	Virtualization Fault Injector / Metastable Failures
gc_capacity_degradation	Virtualization Fault Injector / Metastable Failures
load_spike_rpc_retry_storm	Virtualization Fault Injector / Metastable Failures
search_rate_retry_collapse_hotel_reservation	Virtualization Fault Injector / Metastable Failures
assign_to_non_existent_node	Virtualization Fault Injector / Regular Virtualization Problems
auth_miss_mongodb	Virtualization Fault Injector / Regular Virtualization Problems
configmap_drift_hotel_reservation	Virtualization Fault Injector / Regular Virtualization Problems
cfs_cpu_throttling_hotel_reservation	Virtualization Fault Injector / Regular Virtualization Problems
feature_flag_latent_bug_hotel_reservation	Virtualization Fault Injector / Regular Virtualization Problems
finalizer_deadlock_controller_hotel_reservation	Virtualization Fault Injector / Regular Virtualization Problems
duplicate_pvc_mounts_astronomy_shop	Virtualization Fault Injector / Regular Virtualization Problems
duplicate_pvc_mounts_hotel_reservation	Virtualization Fault Injector / Regular Virtualization Problems
duplicate_pvc_mounts_social_network	Virtualization Fault Injector / Regular Virtualization Problems
env_variable_shadowing_astronomy_shop	Virtualization Fault Injector / Regular Virtualization Problems
file_descriptor_exhaustion	Virtualization Fault Injector / Regular Virtualization Problems
k8s_target_port-misconfig	Virtualization Fault Injector / Regular Virtualization Problems
liveness_probe_misconfiguration_astronomy_shop	Virtualization Fault Injector / Regular Virtualization Problems
liveness_probe_misconfiguration_hotel_reservation	Virtualization Fault Injector / Regular Virtualization Problems
liveness_probe_misconfiguration_social_network	Virtualization Fault Injector / Regular Virtualization Problems
liveness_probe_too_aggressive_astronomy_shop	Virtualization Fault Injector / Regular Virtualization Problems
liveness_probe_too_aggressive_hotel_reservation	Virtualization Fault Injector / Regular Virtualization Problems
liveness_probe_too_aggressive_social_network	Virtualization Fault Injector / Regular Virtualization Problems
init_container_dependency_hang_hotel_reservation	Virtualization Fault Injector / Regular Virtualization Problems
init_container_dependency_hang_social_network	Virtualization Fault Injector / Regular Virtualization Problems
init_container_dependency_hang_astronomy_shop	Virtualization Fault Injector / Regular Virtualization Problems
integer_overflow_primary_key_astronomy_shop	Virtualization Fault Injector / Regular Virtualization Problems
missing_configmap_hotel_reservation	Virtualization Fault Injector / Regular Virtualization Problems
missing_configmap_social_network	Virtualization Fault Injector / Regular Virtualization Problems
missing_service_astronomy_shop	Virtualization Fault Injector / Regular Virtualization Problems
missing_service_hotel_reservation	Virtualization Fault Injector / Regular Virtualization Problems
missing_service_social_network	Virtualization Fault Injector / Regular Virtualization Problems
namespace_memory_limit	Virtualization Fault Injector / Regular Virtualization Problems
nightly_rebalance_oom_hotel_reservation	Virtualization Fault Injector / Regular Virtualization Problems
node_clock_drift_hotel_reservation	Virtualization Fault Injector / Regular Virtualization Problems
pod_anti_affinity_deadlock	Virtualization Fault Injector / Regular Virtualization Problems
postgres_lock_contention_product_catalog	Virtualization Fault Injector / Regular Virtualization Problems
persistent_volume_affinity_violation	Virtualization Fault Injector / Regular Virtualization Problems
priority_preemption_cascade_hotel_reservation	Virtualization Fault Injector / Regular Virtualization Problems
pvc_claim_mismatch	Virtualization Fault Injector / Regular Virtualization Problems
rbac_misconfiguration	Virtualization Fault Injector / Regular Virtualization Problems
readiness_probe_misconfiguration_astronomy_shop	Virtualization Fault Injector / Regular Virtualization Problems
readiness_probe_misconfiguration_hotel_reservation	Virtualization Fault Injector / Regular Virtualization Problems
readiness_probe_misconfiguration_social_network	Virtualization Fault Injector / Regular Virtualization Problems
resource_request_too_large	Virtualization Fault Injector / Regular Virtualization Problems
resource_request_too_small	Virtualization Fault Injector / Regular Virtualization Problems
hpa_missing_effective_cpu_request_hotel_reservation	Virtualization Fault Injector / Regular Virtualization Problems
rolling_update_misconfigured_hotel_reservation	Virtualization Fault Injector / Regular Virtualization Problems
rolling_update_misconfigured_social_network	Virtualization Fault Injector / Regular Virtualization Problems
scale_pod_zero_social_net	Virtualization Fault Injector / Regular Virtualization Problems
service_dns_resolution_failure_astronomy_shop	Virtualization Fault Injector / Regular Virtualization Problems
service_dns_resolution_failure_social_network	Virtualization Fault Injector / Regular Virtualization Problems
sidecar_port_conflict_astronomy_shop	Virtualization Fault Injector / Regular Virtualization Problems
sidecar_port_conflict_hotel_reservation	Virtualization Fault Injector / Regular Virtualization Problems
sidecar_port_conflict_social_network	Virtualization Fault Injector / Regular Virtualization Problems
service_port_conflict_astronomy_shop	Virtualization Fault Injector / Regular Virtualization Problems
service_port_conflict_hotel_reservation	Virtualization Fault Injector / Regular Virtualization Problems
service_port_conflict_social_network	Virtualization Fault Injector / Regular Virtualization Problems
stale_coredns_config_astronomy_shop	Virtualization Fault Injector / Regular Virtualization Problems
stale_coredns_config_social_network	Virtualization Fault Injector / Regular Virtualization Problems
stale_hostaliases_dns_poisoning_astronomy_shop	Virtualization Fault Injector / Regular Virtualization Problems
taint_no_toleration_social_network	Virtualization Fault Injector / Regular Virtualization Problems
wrong_bin_usage	Virtualization Fault Injector / Regular Virtualization Problems
wrong_dns_policy_astronomy_shop	Virtualization Fault Injector / Regular Virtualization Problems
wrong_dns_policy_hotel_reservation	Virtualization Fault Injector / Regular Virtualization Problems
wrong_dns_policy_social_network	Virtualization Fault Injector / Regular Virtualization Problems
service_wrong_pod_selection_hotel_reservation	Virtualization Fault Injector / Regular Virtualization Problems
wrong_service_selector_astronomy_shop	Virtualization Fault Injector / Regular Virtualization Problems
wrong_service_selector_hotel_reservation	Virtualization Fault Injector / Regular Virtualization Problems
wrong_service_selector_social_network	Virtualization Fault Injector / Regular Virtualization Problems
astronomy_shop_ad_service_failure	Opentelemetry Fault Injector
astronomy_shop_ad_service_high_cpu	Opentelemetry Fault Injector
astronomy_shop_ad_service_image_slow_load	Opentelemetry Fault Injector
astronomy_shop_ad_service_manual_gc	Opentelemetry Fault Injector
astronomy_shop_cart_service_failure	Opentelemetry Fault Injector
astronomy_shop_failed_readiness_probe	Opentelemetry Fault Injector
astronomy_shop_payment_service_failure	Opentelemetry Fault Injector
astronomy_shop_payment_service_unreachable	Opentelemetry Fault Injector
astronomy_shop_product_catalog_service_failure	Opentelemetry Fault Injector
kafka_queue_problems	Opentelemetry Fault Injector
kafka_poison_pill_hol_block	Opentelemetry Fault Injector
loadgenerator_flood_homepage	Opentelemetry Fault Injector
trainticket_f17_nested_sql_select_clause_error	Train Ticket Fault Injector
trainticket_f22_sql_column_name_mismatch_error	Train Ticket Fault Injector
silent_data_corruption	Hardware Fault Injector
latent_sector_error	Hardware Fault Injector
expired_tls_hotel_reservation	Direct K8S Api
ingress_misroute	Direct K8S Api
network_policy_block	Direct K8S Api
node_conntrack_exhaustion_hotel_reservation	Direct K8S Api
dev_shm_exhaustion_hotel_reservation	Direct K8S Api
internal_traffic_policy_local_astronomy_shop	Direct K8S Api
admission_webhook_outage_hotel_reservation	Direct K8S Api
pod_cidr_exhaustion_hotel_reservation	Direct K8S Api
calico_route_reflector_label_drift_hotel_reservation	Direct K8S Api
admission_webhook_tls_mismatch_hotel_reservation	Direct K8S Api
mutating_webhook_resource_limits_social_network	Direct K8S Api
psa_restricted_blocks_recreation_hotel_reservation	Direct K8S Api
cumulative_admission_webhook_timeout_hotel_reservation	Direct K8S Api
cronjob_sidecar_blocks_completion_hotel_reservation	Direct K8S Api
kubelet_crash	Ad Hoc
kubelet_eviction_threshold_misconfig	Ad Hoc
workload_imbalance	Ad Hoc
operator_overload_replicas	K8S Operator Misoperation
operator_non_existent_storage	K8S Operator Misoperation
operator_invalid_affinity_toleration	K8S Operator Misoperation
operator_security_context_fault	K8S Operator Misoperation
operator_wrong_update_strategy_fault	K8S Operator Misoperation
operator_wrong_operator_image	K8S Operator Misoperation
