problem,app,diagnosis_oracle,mitigation_oracle,lite,emulated_ok,error
faulty_image_correlated,Hotel Reservation,LLMAsAJudgeOracle,IncorrectImageMitigationOracle,False,True,
update_incompatible_correlated,Hotel Reservation,LLMAsAJudgeOracle,IncorrectImageMitigationOracle,False,True,
incorrect_image,OpenTelemetry Demo Astronomy Shop,LLMAsAJudgeOracle,IncorrectImageMitigationOracle,False,True,
incorrect_port_assignment,OpenTelemetry Demo Astronomy Shop,LLMAsAJudgeOracle,IncorrectPortAssignmentMitigationOracle,False,True,
kafka_producer_leak,OpenTelemetry Demo Astronomy Shop,LLMAsAJudgeOracle,KafkaProducerLeakOracle,False,True,
unschedulable_incorrect_port_assignment,OpenTelemetry Demo Astronomy Shop,LLMAsAJudgeOracle,CompoundedOracle,True,True,
misconfig_app_hotel_res,Hotel Reservation,LLMAsAJudgeOracle,IncorrectImageMitigationOracle,False,True,
missing_env_variable_astronomy_shop,OpenTelemetry Demo Astronomy Shop,LLMAsAJudgeOracle,MissingEnvVariableMitigationOracle,False,True,
revoke_auth_mongodb-1,Hotel Reservation,LLMAsAJudgeOracle,MitigationOracle,False,True,
revoke_auth_mongodb-2,Hotel Reservation,LLMAsAJudgeOracle,MitigationOracle,False,True,
storage_user_unregistered-1,Hotel Reservation,LLMAsAJudgeOracle,MitigationOracle,False,True,
storage_user_unregistered-2,Hotel Reservation,LLMAsAJudgeOracle,MitigationOracle,False,True,
valkey_auth_disruption,OpenTelemetry Demo Astronomy Shop,LLMAsAJudgeOracle,ValkeyAuthMitigation,True,True,
valkey_memory_disruption,OpenTelemetry Demo Astronomy Shop,LLMAsAJudgeOracle,AlertOracle,False,True,
edge_request_filter_cpu_saturation,OpenTelemetry Demo Astronomy Shop,LLMAsAJudgeOracle,EdgeRequestFilterMitigationOracle,True,True,
ephemeral_port_range_hotel_reservation,Hotel Reservation,LLMAsAJudgeOracle,WorkloadOracle,False,True,
secret_rotation_stale_env_credentials_astronomy_shop,OpenTelemetry Demo Astronomy Shop,LLMAsAJudgeOracle,SecretRotationStaleEnvMitigation,True,True,
capacity_decrease_rpc_retry_storm,Blueprint Hotel Reservation,LLMAsAJudgeOracle,AlertOracle,False,True,
gc_capacity_degradation,Blueprint Hotel Reservation,LLMAsAJudgeOracle,AlertOracle,False,True,
load_spike_rpc_retry_storm,Blueprint Hotel Reservation,LLMAsAJudgeOracle,AlertOracle,False,True,
search_rate_retry_collapse_hotel_reservation,Hotel Reservation,LLMAsAJudgeOracle,SearchRateRetryMitigationOracle,True,True,
assign_to_non_existent_node,Social Network,LLMAsAJudgeOracle,AssignNonExistentNodeMitigationOracle,False,True,
auth_miss_mongodb,Social Network,LLMAsAJudgeOracle,MitigationOracle,False,True,
configmap_drift_hotel_reservation,Hotel Reservation,LLMAsAJudgeOracle,MissingCmKeyMitigationOracle,False,True,
cfs_cpu_throttling_hotel_reservation,Hotel Reservation,LLMAsAJudgeOracle,CpuThrottlingMitigationOracle,False,True,
feature_flag_latent_bug_hotel_reservation,Hotel Reservation,LLMAsAJudgeOracle,CompoundedOracle,False,True,
finalizer_deadlock_controller_hotel_reservation,Hotel Reservation,LLMAsAJudgeOracle,FinalizerDeadlockControllerMitigationOracle,True,True,
duplicate_pvc_mounts_astronomy_shop,OpenTelemetry Demo Astronomy Shop,LLMAsAJudgeOracle,DuplicatePVCMountsMitigationOracle,False,True,
duplicate_pvc_mounts_hotel_reservation,Hotel Reservation,LLMAsAJudgeOracle,DuplicatePVCMountsMitigationOracle,False,True,
duplicate_pvc_mounts_social_network,Social Network,LLMAsAJudgeOracle,DuplicatePVCMountsMitigationOracle,True,True,
env_variable_shadowing_astronomy_shop,OpenTelemetry Demo Astronomy Shop,LLMAsAJudgeOracle,EnvVariableShadowingMitigationOracle,True,True,
file_descriptor_exhaustion,Hotel Reservation,LLMAsAJudgeOracle,FDMitigationOracle,False,True,
k8s_target_port-misconfig,Social Network,LLMAsAJudgeOracle,TargetPortMisconfigMitigationOracle,False,True,
liveness_probe_misconfiguration_astronomy_shop,OpenTelemetry Demo Astronomy Shop,LLMAsAJudgeOracle,MitigationOracle,False,True,
liveness_probe_misconfiguration_hotel_reservation,Hotel Reservation,LLMAsAJudgeOracle,MitigationOracle,False,True,
liveness_probe_misconfiguration_social_network,Social Network,LLMAsAJudgeOracle,MitigationOracle,False,True,
liveness_probe_too_aggressive_astronomy_shop,OpenTelemetry Demo Astronomy Shop,LLMAsAJudgeOracle,SustainedReadinessOracle,False,True,
liveness_probe_too_aggressive_hotel_reservation,Hotel Reservation,LLMAsAJudgeOracle,SustainedReadinessOracle,False,True,
liveness_probe_too_aggressive_social_network,Social Network,LLMAsAJudgeOracle,SustainedReadinessOracle,False,True,
init_container_dependency_hang_hotel_reservation,Hotel Reservation,LLMAsAJudgeOracle,MitigationOracle,False,True,
init_container_dependency_hang_social_network,Social Network,LLMAsAJudgeOracle,MitigationOracle,False,True,
init_container_dependency_hang_astronomy_shop,OpenTelemetry Demo Astronomy Shop,LLMAsAJudgeOracle,MitigationOracle,False,True,
integer_overflow_primary_key_astronomy_shop,OpenTelemetry Demo Astronomy Shop,LLMAsAJudgeOracle,IntegerOverflowPrimaryKeyMitigationOracle,False,True,
missing_configmap_hotel_reservation,Hotel Reservation,LLMAsAJudgeOracle,MitigationOracle,False,True,
missing_configmap_social_network,Social Network,LLMAsAJudgeOracle,MitigationOracle,False,True,
missing_service_astronomy_shop,OpenTelemetry Demo Astronomy Shop,LLMAsAJudgeOracle,MitigationOracle,False,True,
missing_service_hotel_reservation,Hotel Reservation,LLMAsAJudgeOracle,MitigationOracle,False,True,
missing_service_social_network,Social Network,LLMAsAJudgeOracle,MitigationOracle,False,True,
namespace_memory_limit,Hotel Reservation,LLMAsAJudgeOracle,NamespaceMemoryLimitMitigationOracle,True,True,
nightly_rebalance_oom_hotel_reservation,Hotel Reservation,LLMAsAJudgeOracle,NightlyRebalanceOOMMitigationOracle,False,True,
node_clock_drift_hotel_reservation,Hotel Reservation,LLMAsAJudgeOracle,NodeClockDriftMitigationOracle,False,False,
pod_anti_affinity_deadlock,Social Network,LLMAsAJudgeOracle,MitigationOracle,False,True,
postgres_lock_contention_product_catalog,OpenTelemetry Demo Astronomy Shop,LLMAsAJudgeOracle,PostgresLockMitigationOracle,False,True,
persistent_volume_affinity_violation,Social Network,LLMAsAJudgeOracle,MitigationOracle,False,True,
priority_preemption_cascade_hotel_reservation,Hotel Reservation,LLMAsAJudgeOracle,PriorityPreemptionMitigationOracle,False,True,
pvc_claim_mismatch,Hotel Reservation,LLMAsAJudgeOracle,MitigationOracle,False,True,
rbac_misconfiguration,OpenTelemetry Demo Astronomy Shop,LLMAsAJudgeOracle,MitigationOracle,False,True,
readiness_probe_misconfiguration_astronomy_shop,OpenTelemetry Demo Astronomy Shop,LLMAsAJudgeOracle,ReadinessProbeMitigationOracle,False,True,
readiness_probe_misconfiguration_hotel_reservation,Hotel Reservation,LLMAsAJudgeOracle,ReadinessProbeMitigationOracle,False,True,
readiness_probe_misconfiguration_social_network,Social Network,LLMAsAJudgeOracle,ReadinessProbeMitigationOracle,True,True,
resource_request_too_large,Hotel Reservation,LLMAsAJudgeOracle,MitigationOracle,False,True,
resource_request_too_small,Hotel Reservation,LLMAsAJudgeOracle,MitigationOracle,False,True,
hpa_missing_effective_cpu_request_hotel_reservation,Hotel Reservation,LLMAsAJudgeOracle,HPAControlPlaneMitigationOracle,False,True,
rolling_update_misconfigured_hotel_reservation,Hotel Reservation,LLMAsAJudgeOracle,RollingUpdateMitigationOracle,False,True,
rolling_update_misconfigured_social_network,Social Network,LLMAsAJudgeOracle,RollingUpdateMitigationOracle,True,True,
scale_pod_zero_social_net,Social Network,LLMAsAJudgeOracle,ScalePodZeroMitigationOracle,False,True,
service_dns_resolution_failure_astronomy_shop,OpenTelemetry Demo Astronomy Shop,LLMAsAJudgeOracle,DNSResolutionMitigationOracle,False,True,
service_dns_resolution_failure_social_network,Social Network,LLMAsAJudgeOracle,DNSResolutionMitigationOracle,True,True,
sidecar_port_conflict_astronomy_shop,OpenTelemetry Demo Astronomy Shop,LLMAsAJudgeOracle,MitigationOracle,False,True,
sidecar_port_conflict_hotel_reservation,Hotel Reservation,LLMAsAJudgeOracle,MitigationOracle,False,True,
sidecar_port_conflict_social_network,Social Network,LLMAsAJudgeOracle,MitigationOracle,False,True,
service_port_conflict_astronomy_shop,OpenTelemetry Demo Astronomy Shop,LLMAsAJudgeOracle,MitigationOracle,False,True,
service_port_conflict_hotel_reservation,Hotel Reservation,LLMAsAJudgeOracle,MitigationOracle,False,True,
service_port_conflict_social_network,Social Network,LLMAsAJudgeOracle,MitigationOracle,False,True,
stale_coredns_config_astronomy_shop,OpenTelemetry Demo Astronomy Shop,LLMAsAJudgeOracle,DNSResolutionMitigationOracle,False,True,
stale_coredns_config_social_network,Social Network,LLMAsAJudgeOracle,DNSResolutionMitigationOracle,False,True,
stale_hostaliases_dns_poisoning_astronomy_shop,OpenTelemetry Demo Astronomy Shop,LLMAsAJudgeOracle,StaleHostAliasesMitigationOracle,False,True,
taint_no_toleration_social_network,,,,False,True,"MaxRetryError: HTTPSConnectionPool(host='127.0.0.1', port=1): Max retries exceeded with url: /api/v1/nodes (Caused by NewConnectionErro"
wrong_bin_usage,Hotel Reservation,LLMAsAJudgeOracle,WrongBinMitigationOracle,False,True,
wrong_dns_policy_astronomy_shop,OpenTelemetry Demo Astronomy Shop,LLMAsAJudgeOracle,DNSResolutionMitigationOracle,True,True,
wrong_dns_policy_hotel_reservation,Hotel Reservation,LLMAsAJudgeOracle,DNSResolutionMitigationOracle,False,True,
wrong_dns_policy_social_network,Social Network,LLMAsAJudgeOracle,DNSResolutionMitigationOracle,False,True,
service_wrong_pod_selection_hotel_reservation,Hotel Reservation,LLMAsAJudgeOracle,WrongPodSelectionMitigationOracle,True,True,
wrong_service_selector_astronomy_shop,OpenTelemetry Demo Astronomy Shop,LLMAsAJudgeOracle,ServiceEndpointMitigationOracle,False,True,
wrong_service_selector_hotel_reservation,Hotel Reservation,LLMAsAJudgeOracle,ServiceEndpointMitigationOracle,False,True,
wrong_service_selector_social_network,Social Network,LLMAsAJudgeOracle,ServiceEndpointMitigationOracle,True,True,
astronomy_shop_ad_service_failure,OpenTelemetry Demo Astronomy Shop,LLMAsAJudgeOracle,AlertOracle,False,True,
astronomy_shop_ad_service_high_cpu,OpenTelemetry Demo Astronomy Shop,LLMAsAJudgeOracle,AlertOracle,False,True,
astronomy_shop_ad_service_image_slow_load,OpenTelemetry Demo Astronomy Shop,LLMAsAJudgeOracle,AlertOracle,False,True,
astronomy_shop_ad_service_manual_gc,OpenTelemetry Demo Astronomy Shop,LLMAsAJudgeOracle,AlertOracle,False,True,
astronomy_shop_cart_service_failure,OpenTelemetry Demo Astronomy Shop,LLMAsAJudgeOracle,AlertOracle,False,True,
astronomy_shop_failed_readiness_probe,OpenTelemetry Demo Astronomy Shop,LLMAsAJudgeOracle,AlertOracle,False,True,
astronomy_shop_payment_service_failure,OpenTelemetry Demo Astronomy Shop,LLMAsAJudgeOracle,AlertOracle,False,True,
astronomy_shop_payment_service_unreachable,OpenTelemetry Demo Astronomy Shop,LLMAsAJudgeOracle,AlertOracle,False,True,
astronomy_shop_product_catalog_service_failure,OpenTelemetry Demo Astronomy Shop,LLMAsAJudgeOracle,AlertOracle,False,True,
kafka_queue_problems,OpenTelemetry Demo Astronomy Shop,LLMAsAJudgeOracle,AlertOracle,False,True,
kafka_poison_pill_hol_block,OpenTelemetry Demo Astronomy Shop,LLMAsAJudgeOracle,DataPlaneProgressOracle,True,True,
loadgenerator_flood_homepage,OpenTelemetry Demo Astronomy Shop,LLMAsAJudgeOracle,AlertOracle,False,True,
trainticket_f17_nested_sql_select_clause_error,Train Ticket,LLMAsAJudgeOracle,CompoundedOracle,False,True,
trainticket_f22_sql_column_name_mismatch_error,Train Ticket,LLMAsAJudgeOracle,AlertOracle,False,True,
silent_data_corruption,Hotel Reservation,LLMAsAJudgeOracle,AlertOracle,False,True,
latent_sector_error,Hotel Reservation,LLMAsAJudgeOracle,AlertOracle,False,True,
expired_tls_hotel_reservation,Hotel Reservation,LLMAsAJudgeOracle,ExpiredTlsMitigationOracle,False,True,
ingress_misroute,Hotel Reservation,LLMAsAJudgeOracle,IngressMisrouteMitigationOracle,False,True,
network_policy_block,Hotel Reservation,LLMAsAJudgeOracle,NetworkPolicyMitigationOracle,True,True,
node_conntrack_exhaustion_hotel_reservation,Hotel Reservation,LLMAsAJudgeOracle,ConntrackMitigationOracle,False,True,
dev_shm_exhaustion_hotel_reservation,Hotel Reservation,LLMAsAJudgeOracle,DevShmMitigationOracle,False,True,
internal_traffic_policy_local_astronomy_shop,OpenTelemetry Demo Astronomy Shop,LLMAsAJudgeOracle,InternalTrafficPolicyMitigationOracle,True,True,
admission_webhook_outage_hotel_reservation,Hotel Reservation,LLMAsAJudgeOracle,AdmissionWebhookOutageMitigationOracle,True,True,
pod_cidr_exhaustion_hotel_reservation,Hotel Reservation,LLMAsAJudgeOracle,MitigationOracle,False,True,
calico_route_reflector_label_drift_hotel_reservation,Hotel Reservation,LLMAsAJudgeOracle,CalicoRouteReflectorMitigationOracle,False,True,
admission_webhook_tls_mismatch_hotel_reservation,Hotel Reservation,LLMAsAJudgeOracle,DeploymentReadinessOracle,False,True,
mutating_webhook_resource_limits_social_network,Social Network,LLMAsAJudgeOracle,MutatingWebhookResourceLimitsMitigationOracle,True,True,
psa_restricted_blocks_recreation_hotel_reservation,Hotel Reservation,LLMAsAJudgeOracle,DeploymentReadinessOracle,False,True,
cumulative_admission_webhook_timeout_hotel_reservation,Hotel Reservation,LLMAsAJudgeOracle,CumulativeAdmissionWebhookTimeoutMitigationOracle,False,True,
cronjob_sidecar_blocks_completion_hotel_reservation,Hotel Reservation,LLMAsAJudgeOracle,CronJobSidecarBlocksCompletionMitigationOracle,True,True,
kubelet_crash,OpenTelemetry Demo Astronomy Shop,LLMAsAJudgeOracle,AlertOracle,False,True,
kubelet_eviction_threshold_misconfig,OpenTelemetry Demo Astronomy Shop,LLMAsAJudgeOracle,KubeletEvictionThresholdMisconfigMitigationOracle,False,True,
workload_imbalance,OpenTelemetry Demo Astronomy Shop,LLMAsAJudgeOracle,ImbalanceMitigationOracle,False,True,
operator_overload_replicas,,,,False,True,FileNotFoundError: Helm chart_path does not exist: /tmp/sregym/SREGym-applications/FleetCast/satellite-app
operator_non_existent_storage,,,,False,True,FileNotFoundError: Helm chart_path does not exist: /tmp/sregym/SREGym-applications/FleetCast/satellite-app
operator_invalid_affinity_toleration,,,,False,True,FileNotFoundError: Helm chart_path does not exist: /tmp/sregym/SREGym-applications/FleetCast/satellite-app
operator_security_context_fault,,,,False,True,FileNotFoundError: Helm chart_path does not exist: /tmp/sregym/SREGym-applications/FleetCast/satellite-app
operator_wrong_update_strategy_fault,,,,False,True,FileNotFoundError: Helm chart_path does not exist: /tmp/sregym/SREGym-applications/FleetCast/satellite-app
operator_wrong_operator_image,,,,False,True,FileNotFoundError: Helm chart_path does not exist: /tmp/sregym/SREGym-applications/FleetCast/satellite-app
