application	problem	family	q126_flag
sregym-astronomy-shop	astronomy_shop_ad_service_failure	Opentelemetry Fault Injector	no
sregym-astronomy-shop	astronomy_shop_ad_service_high_cpu	Opentelemetry Fault Injector	no
sregym-astronomy-shop	astronomy_shop_payment_service_failure	Opentelemetry Fault Injector	no
sregym-astronomy-shop	duplicate_pvc_mounts_astronomy_shop	Virtualization Fault Injector / Regular Virtualization Problems	no
sregym-astronomy-shop	kafka_poison_pill_hol_block	Opentelemetry Fault Injector	yes
sregym-astronomy-shop	kafka_queue_problems	Opentelemetry Fault Injector	yes
sregym-astronomy-shop	liveness_probe_misconfiguration_astronomy_shop	Virtualization Fault Injector / Regular Virtualization Problems	no
sregym-astronomy-shop	missing_env_variable_astronomy_shop	Application Fault Injector / Regular Application Problems	no
sregym-astronomy-shop	service_port_conflict_astronomy_shop	Virtualization Fault Injector / Regular Virtualization Problems	no
sregym-astronomy-shop	stale_coredns_config_astronomy_shop	Virtualization Fault Injector / Regular Virtualization Problems	no
sregym-astronomy-shop	wrong_dns_policy_astronomy_shop	Virtualization Fault Injector / Regular Virtualization Problems	no
sregym-hotel-reservation	admission_webhook_tls_mismatch_hotel_reservation	Direct K8S Api	no
sregym-hotel-reservation	cfs_cpu_throttling_hotel_reservation	Virtualization Fault Injector / Regular Virtualization Problems	no
sregym-hotel-reservation	dev_shm_exhaustion_hotel_reservation	Direct K8S Api	no
sregym-hotel-reservation	duplicate_pvc_mounts_hotel_reservation	Virtualization Fault Injector / Regular Virtualization Problems	no
sregym-hotel-reservation	finalizer_deadlock_controller_hotel_reservation	Virtualization Fault Injector / Regular Virtualization Problems	no
sregym-hotel-reservation	liveness_probe_too_aggressive_hotel_reservation	Virtualization Fault Injector / Regular Virtualization Problems	no
sregym-hotel-reservation	network_policy_block	Direct K8S Api	no
sregym-hotel-reservation	pvc_claim_mismatch	Virtualization Fault Injector / Regular Virtualization Problems	no
sregym-hotel-reservation	resource_request_too_large	Virtualization Fault Injector / Regular Virtualization Problems	no
sregym-hotel-reservation	storage_user_unregistered-2	Application Fault Injector / Regular Application Problems	no
sregym-hotel-reservation	wrong_dns_policy_hotel_reservation	Virtualization Fault Injector / Regular Virtualization Problems	no
sregym-social-network	assign_to_non_existent_node	Virtualization Fault Injector / Regular Virtualization Problems	no
sregym-social-network	duplicate_pvc_mounts_social_network	Virtualization Fault Injector / Regular Virtualization Problems	no
sregym-social-network	liveness_probe_misconfiguration_social_network	Virtualization Fault Injector / Regular Virtualization Problems	no
sregym-social-network	liveness_probe_too_aggressive_social_network	Virtualization Fault Injector / Regular Virtualization Problems	no
sregym-social-network	missing_service_social_network	Virtualization Fault Injector / Regular Virtualization Problems	no
sregym-social-network	persistent_volume_affinity_violation	Virtualization Fault Injector / Regular Virtualization Problems	no
sregym-social-network	pod_anti_affinity_deadlock	Virtualization Fault Injector / Regular Virtualization Problems	no
sregym-social-network	service_port_conflict_social_network	Virtualization Fault Injector / Regular Virtualization Problems	no
sregym-social-network	stale_coredns_config_social_network	Virtualization Fault Injector / Regular Virtualization Problems	no
sregym-social-network	taint_no_toleration_social_network	Virtualization Fault Injector / Regular Virtualization Problems	no
sregym-social-network	wrong_dns_policy_social_network	Virtualization Fault Injector / Regular Virtualization Problems	no
