slot	position	problem	application	arm
1	1	service_port_conflict_social_network	sregym-social-network	faultline
2	1	service_port_conflict_social_network	sregym-social-network	claudecode
3	2	missing_env_variable_astronomy_shop	sregym-astronomy-shop	claudecode
4	2	missing_env_variable_astronomy_shop	sregym-astronomy-shop	faultline
5	3	persistent_volume_affinity_violation	sregym-social-network	faultline
6	3	persistent_volume_affinity_violation	sregym-social-network	claudecode
7	4	wrong_dns_policy_astronomy_shop	sregym-astronomy-shop	claudecode
8	4	wrong_dns_policy_astronomy_shop	sregym-astronomy-shop	faultline
9	5	astronomy_shop_ad_service_failure	sregym-astronomy-shop	faultline
10	5	astronomy_shop_ad_service_failure	sregym-astronomy-shop	claudecode
11	6	duplicate_pvc_mounts_hotel_reservation	sregym-hotel-reservation	claudecode
12	6	duplicate_pvc_mounts_hotel_reservation	sregym-hotel-reservation	faultline
13	7	kafka_queue_problems	sregym-astronomy-shop	faultline
14	7	kafka_queue_problems	sregym-astronomy-shop	claudecode
15	8	pvc_claim_mismatch	sregym-hotel-reservation	claudecode
16	8	pvc_claim_mismatch	sregym-hotel-reservation	faultline
17	9	dev_shm_exhaustion_hotel_reservation	sregym-hotel-reservation	faultline
18	9	dev_shm_exhaustion_hotel_reservation	sregym-hotel-reservation	claudecode
19	10	network_policy_block	sregym-hotel-reservation	claudecode
20	10	network_policy_block	sregym-hotel-reservation	faultline
21	11	storage_user_unregistered-2	sregym-hotel-reservation	faultline
22	11	storage_user_unregistered-2	sregym-hotel-reservation	claudecode
23	12	resource_request_too_large	sregym-hotel-reservation	claudecode
24	12	resource_request_too_large	sregym-hotel-reservation	faultline
25	13	astronomy_shop_payment_service_failure	sregym-astronomy-shop	faultline
26	13	astronomy_shop_payment_service_failure	sregym-astronomy-shop	claudecode
27	14	taint_no_toleration_social_network	sregym-social-network	claudecode
28	14	taint_no_toleration_social_network	sregym-social-network	faultline
29	15	astronomy_shop_ad_service_high_cpu	sregym-astronomy-shop	faultline
30	15	astronomy_shop_ad_service_high_cpu	sregym-astronomy-shop	claudecode
31	16	missing_service_social_network	sregym-social-network	claudecode
32	16	missing_service_social_network	sregym-social-network	faultline
33	17	liveness_probe_too_aggressive_social_network	sregym-social-network	faultline
34	17	liveness_probe_too_aggressive_social_network	sregym-social-network	claudecode
35	18	wrong_dns_policy_social_network	sregym-social-network	claudecode
36	18	wrong_dns_policy_social_network	sregym-social-network	faultline
37	19	pod_anti_affinity_deadlock	sregym-social-network	faultline
38	19	pod_anti_affinity_deadlock	sregym-social-network	claudecode
39	20	stale_coredns_config_social_network	sregym-social-network	claudecode
40	20	stale_coredns_config_social_network	sregym-social-network	faultline
41	21	finalizer_deadlock_controller_hotel_reservation	sregym-hotel-reservation	faultline
42	21	finalizer_deadlock_controller_hotel_reservation	sregym-hotel-reservation	claudecode
43	22	kafka_poison_pill_hol_block	sregym-astronomy-shop	claudecode
44	22	kafka_poison_pill_hol_block	sregym-astronomy-shop	faultline
45	23	wrong_dns_policy_hotel_reservation	sregym-hotel-reservation	faultline
46	23	wrong_dns_policy_hotel_reservation	sregym-hotel-reservation	claudecode
47	24	assign_to_non_existent_node	sregym-social-network	claudecode
48	24	assign_to_non_existent_node	sregym-social-network	faultline
49	25	duplicate_pvc_mounts_social_network	sregym-social-network	faultline
50	25	duplicate_pvc_mounts_social_network	sregym-social-network	claudecode
51	26	liveness_probe_misconfiguration_astronomy_shop	sregym-astronomy-shop	claudecode
52	26	liveness_probe_misconfiguration_astronomy_shop	sregym-astronomy-shop	faultline
53	27	liveness_probe_too_aggressive_hotel_reservation	sregym-hotel-reservation	faultline
54	27	liveness_probe_too_aggressive_hotel_reservation	sregym-hotel-reservation	claudecode
55	28	service_port_conflict_astronomy_shop	sregym-astronomy-shop	claudecode
56	28	service_port_conflict_astronomy_shop	sregym-astronomy-shop	faultline
57	29	cfs_cpu_throttling_hotel_reservation	sregym-hotel-reservation	faultline
58	29	cfs_cpu_throttling_hotel_reservation	sregym-hotel-reservation	claudecode
59	30	stale_coredns_config_astronomy_shop	sregym-astronomy-shop	claudecode
60	30	stale_coredns_config_astronomy_shop	sregym-astronomy-shop	faultline
61	31	liveness_probe_misconfiguration_social_network	sregym-social-network	faultline
62	31	liveness_probe_misconfiguration_social_network	sregym-social-network	claudecode
63	32	duplicate_pvc_mounts_astronomy_shop	sregym-astronomy-shop	claudecode
64	32	duplicate_pvc_mounts_astronomy_shop	sregym-astronomy-shop	faultline
65	33	admission_webhook_tls_mismatch_hotel_reservation	sregym-hotel-reservation	faultline
66	33	admission_webhook_tls_mismatch_hotel_reservation	sregym-hotel-reservation	claudecode
